Estacao;Data;Hora;InsolacaoTotal;NumDiasPrecipitacao;PrecipitacaoTotal;PressaoNivelMarMedia;PressaoMedia;TempMaximaMedia;TempCompensadaMedia;TempMinimaMedia;UmidadeRelativaMedia;
82900;31/03/1961;0000;;22;348.1;;;29.087097;26.165806;22.916129;82.435484;
82900;30/04/1961;0000;;26;424.8;;;28.493333;25.220667;22.496667;85.433333;
82900;31/05/1961;0000;157.4;24;248;;;28.254839;24.729032;21.932258;85.322581;
82900;30/06/1961;0000;;28;336.5;;;27.603333;24.276;21.54;84.875;
82900;31/07/1961;0000;;25;355.2;;;26.658065;23.2;20.496774;84.75;
82900;31/08/1961;0000;;28;243.8;;;26.587097;23.095484;20.280645;84.16129;
82900;30/09/1961;0000;;16;91.2;;;27.603333;24.284;21.066667;78.466667;
82900;31/10/1961;0000;;23;86;;;28.067742;24.952258;21.848387;79.080645;
82900;30/11/1961;0000;;5;8.5;;;29.426667;25.506;20.89;71.475;
82900;31/12/1961;0000;;7;18;;;29.722581;25.905806;20.887097;72.870968;
82900;31/01/1962;0000;;0;0;;;30.590323;26.291613;20.887097;71.193548;
82900;28/02/1962;0000;250.7;9;90.5;;;30.235714;26.757857;22.771429;71.517857;
82900;31/03/1962;0000;218.7;11;155.6;;;29.948387;26.454194;22.793548;77.66129;
82900;30/04/1962;0000;199.7;18;128;;;28.98;25.538667;22.09;81.641667;
82900;31/05/1962;0000;197.5;18;286.1;;;28.512903;24.890968;21.458065;84.096774;
82900;30/06/1962;0000;137.6;23;562.6;;;27.28;24.215333;21.103333;85.333333;
82900;31/07/1962;0000;162.7;23;290.7;;;26.754839;23.398065;20.393548;85.193548;
82900;31/08/1962;0000;183.7;21;143;;;26.967742;23.514194;20.048387;81.096774;
82900;30/09/1962;0000;222.7;16;164.5;;;27.593333;23.896667;20.206667;80.35;
82900;31/10/1962;0000;236.1;7;21.8;;;29.248387;25.134839;21.041935;75.524194;
82900;30/11/1962;0000;233.9;6;6.2;;;29.53;25.522;21.063333;74.45;
82900;31/12/1962;0000;233.7;13;105.1;;;29.858065;26.111613;22.058065;75.403226;
82900;31/01/1963;0000;272.8;7;23.7;;;30.409677;26.345806;21.732258;74.024194;
82900;28/02/1963;0000;207.5;11;157.3;;;30.717857;26.492857;22.646429;75.071429;
82900;31/03/1963;0000;143.9;26;402.7;;;28.790323;25.55871;22.309677;82.862903;
82900;30/04/1963;0000;170.6;22;333.5;;;28.866667;25.37;21.866667;84.758333;
82900;31/05/1963;0000;178.7;20;216.9;;;28.329032;24.885806;21.474194;82.967742;
82900;30/06/1963;0000;165.5;18;274.9;;;27.076667;23.918;20.88;86.225;
82900;31/07/1963;0000;157.2;20;213.8;;;26.690323;23.311613;20.216129;83.354839;
82900;31/08/1963;0000;174;15;168.2;;;26.909677;23.448387;19.993548;84.040323;
82900;30/09/1963;0000;217.9;16;64.2;;;27.883333;24.234;20.103333;79.166667;
82900;31/10/1963;0000;204.8;5;19.1;;;29.541935;25.353548;20.890323;74.822581;
82900;30/11/1963;0000;240.7;14;71.9;;;30.773333;26.216667;21.833333;76.425;
82900;31/12/1963;0000;215.2;18;98.9;;;30.503226;25.909677;22.158065;81.25;
82900;31/01/1964;0000;218.8;19;141.8;;;30.196774;26.182581;22.341935;82.41129;
82900;29/02/1964;0000;189.1;23;298.3;;;30.148276;25.850345;22.741379;83.551724;
82900;31/03/1964;0000;181.5;25;625.6;;;29.951613;26;22.490323;83.862903;
82900;30/04/1964;0000;165.2;25;452.1;;;29.27;26.018667;22.46;83.6;
82900;31/05/1964;0000;171.9;26;365.1;;;28.645161;25.386452;22.158065;85.282258;
82900;30/06/1964;0000;157;24;679.5;;;27.286667;24.236667;21.4;88.691667;
82900;31/07/1964;0000;151.9;22;413.1;;;27.012903;24.216129;20.722581;86.870968;
82900;31/08/1964;0000;210.8;22;263.8;;;27.241935;24.456774;20.190323;82.459677;
82900;30/09/1964;0000;183.3;24;223.6;;;27.063333;24.195333;19.906667;82.891667;
82900;31/10/1964;0000;263.9;6;13.7;;;28.590323;25.350323;19.245161;71.782258;
82900;30/11/1964;0000;269.5;6;27.4;;;29.846667;25.448667;18.923333;70.566667;
82900;31/12/1964;0000;260.2;8;23.1;;;30.383871;25.75871;19.516129;70.717742;
82900;31/01/1965;0000;204;20;259.9;;;29.258065;25.261935;20.258065;76.016129;
82900;28/02/1965;0000;256.7;6;23.2;;;30.85;25.872857;19.385714;73.723214;
82900;31/03/1965;0000;241.2;13;73.7;;;30.467742;25.730968;20.074194;77.806452;
82900;30/04/1965;0000;187.1;22;352.7;;;29.8;25.243333;20.233333;83.141667;
82900;31/05/1965;0000;193.6;26;350.5;;;28.729032;24.804516;19.954839;84.516129;
82900;30/06/1965;0000;117.7;27;655.7;;;27.493333;23.970667;19.633333;86.216667;
82900;31/07/1965;0000;218.8;22;152.4;;;28.064516;23.86;18.109677;80.83871;
82900;31/08/1965;0000;192.9;17;162.7;;;27.493548;23.130968;17.1;80.870968;
82900;30/09/1965;0000;202.9;17;86.4;;;27.896667;23.804;18.173333;79.258333;
82900;31/10/1965;0000;235;11;84.5;;;29.035484;24.827742;19.422581;78.233871;
82900;30/11/1965;0000;258.1;12;41.3;;;29.713333;25.844;21.706667;73.533333;
82900;31/12/1965;0000;234.8;11;49.3;;;29.567742;25.990323;22.577419;75.177419;
82900;31/01/1966;0000;220.8;11;186.9;;;29.974194;26.132903;21.974194;77.112903;
82900;28/02/1966;0000;150.8;15;302.9;;;29.075;25.683571;22.292857;82.1875;
82900;31/03/1966;0000;217.4;13;368.9;;;29.429032;25.776129;22.132258;79.758065;
82900;30/04/1966;0000;;7;51.3;;;30.634783;26.403;22.365217;77.4125;
82900;31/05/1966;0000;216.8;13;288.3;;;28.832258;25.373548;22.33871;81.435484;
82900;30/06/1966;0000;;24;312.5;;;27.636667;24.624667;22.013333;84.341667;
82900;31/07/1966;0000;34.1;29;651.5;;;26.916129;24.062581;21.76129;86.314516;
82900;31/08/1966;0000;;16;111.8;;1013.96129;27.5;23.803871;20.245161;78.572581;
82900;30/09/1966;0000;;18;255.7;;;27.793333;24.239333;20.526667;80.25;
82900;31/10/1966;0000;;0;0;;1011.82043;28.9;25.410323;21.13871;75.137097;
82900;30/11/1966;0000;;22;106.3;;;29.416667;25.987692;22.233333;74.855769;
82900;31/12/1966;0000;242.3;13;39;;;30.070968;26.443226;22.316129;75.580645;
82900;31/01/1967;0000;297.6;6;11.3;;;31.151613;27.055484;22.216129;70.846774;
82900;28/02/1967;0000;214.4;13;96.4;;;30.760714;27.295;23.1;72.741071;
82900;31/03/1967;0000;167.1;23;339.7;;;29.641935;26.083226;22.632258;81.596774;
82900;30/04/1967;0000;194.9;25;508.1;;;29.063333;25.648;22.62;85.25;
82900;31/05/1967;0000;186.4;29;390.5;;;28.493548;25.118065;22.377419;86.274194;
82900;30/06/1967;0000;206;24;311.2;;;28.3;24.566667;21.473333;82.983333;
82900;31/07/1967;0000;193.4;27;326.7;;;27.519355;23.452903;20.709677;84.83871;
82900;31/08/1967;0000;197.5;29;296.5;;;27.477419;23.561935;20.4;80.991935;
82900;30/09/1967;0000;224.5;11;30;;;28.343333;24.953333;21.456667;75.941667;
82900;31/10/1967;0000;238.7;19;64.7;;;28.387097;25.170323;22.377419;76.282258;
82900;30/11/1967;0000;252;3;3.3;;;29.816667;25.33;20.763333;70.225;
82900;31/12/1967;0000;241.4;4;30.2;;;30.119355;25.754194;20.754839;71.41129;
82900;31/01/1968;0000;257.4;14;218.4;;;29.951613;26.072258;21.490323;74.491935;
82900;31/03/1968;0000;162.4;23;407.2;;;29.448387;25.812903;22.203226;83.524194;
82900;30/04/1968;0000;211.7;21;249.9;;;29.226667;25.6;22.6;84.883333;
82900;31/05/1968;0000;174.3;27;226.3;;;28.158065;25.009677;22.287097;87.201613;
82900;30/06/1968;0000;174.6;23;162.6;;;27.426667;23.744667;20.983333;87.075;
82900;31/07/1968;0000;;27;260.5;;;27.5;23.717419;20.906452;85.806452;
82900;31/08/1968;0000;240.5;20;112.2;;;27.341935;23.684516;20.567742;82.758065;
82900;30/09/1968;0000;240.6;18;71.6;;;28.09;24.2;20.716667;80.033333;
82900;31/10/1968;0000;285.1;7;22.4;;;29.854839;25.862581;21.870968;75.137097;
82900;30/11/1968;0000;249.9;3;7.3;;;30.196667;26.289655;21.85;73.112069;
82900;31/12/1968;0000;270.5;14;51.4;;;30.435484;26.645806;22.651613;72.975806;
82900;31/01/1969;0000;259.1;15;156.7;;;30.145161;26.727097;23.232258;78.096774;
82900;28/02/1969;0000;235.6;6;25.4;;1008.37619;31.103571;27.114286;22.7;75.892857;
82900;31/03/1969;0000;229.2;21;178.5;;;30.422581;26.865806;23.187097;81.58871;
82900;30/04/1969;0000;218.1;18;96;;;29.92;26.398667;23.163333;83.308333;
82900;31/05/1969;0000;203.2;28;457.8;;;29.048387;25.550968;22.8;88.459677;
82900;30/06/1969;0000;169.8;25;497.6;;1012.25;28.31;24.862667;22.143333;87.541667;
82900;31/07/1969;0000;182.7;28;455.3;;;27.351613;24.14;21.63871;86.733871;
82900;31/08/1969;0000;236.8;19;235.4;;;27.441935;23.840645;20.535484;82.145161;
82900;30/09/1969;0000;249.5;16;70.6;;;28.406667;24.969333;21.55;76.416667;
82900;31/10/1969;0000;285.2;18;20.1;;;29.451613;25.591613;21.63871;74.693548;
82900;30/11/1969;0000;280.9;12;43.3;;;29.896667;26.162;22.38;72.691667;
82900;31/12/1969;0000;290.5;13;46.7;;;30.167742;26.464516;22.280645;72.870968;
82900;31/01/1970;0000;258.1;18;102.2;;;29.93871;26.670968;23.106452;76.677419;
82900;28/02/1970;0000;241.8;;113.3;;;29.892857;26.637857;23.017857;76.0625;
82900;31/03/1970;0000;214.4;23;269.4;;;29.267742;26.029032;23.080645;83.354839;
82900;30/04/1970;0000;191.2;21;591.3;;1010.29;28.643333;25.325333;22.383333;86.025;
82900;31/05/1970;0000;214.6;21;186.7;;;28.383871;24.625806;21.596774;85.056452;
82900;30/06/1970;0000;207.2;24;367.8;;;27.756667;24.398667;21.576667;86.141667;
82900;31/07/1970;0000;180.2;26;503.6;;;26.767742;23.441333;20.835484;84.7;
82900;31/08/1970;0000;182.4;26;626;;;26.880645;23.502581;20.787097;84;
82900;30/09/1970;0000;270.4;22;77.2;;;28.093333;24.71;21.426667;79.075;
82900;31/10/1970;0000;297.1;11;11.9;;;29.512903;25.419355;20.841935;75.733871;
82900;30/11/1970;0000;283.5;11;29;;;30.113333;26.064;21.406667;73.625;
82900;31/12/1970;0000;305.7;9;33.6;;;30.580645;26.680645;22.329032;72.475806;
82900;31/01/1971;0000;;18;61.5;;;30.23871;26.665333;22.274194;74.120968;
82900;28/02/1971;0000;;10;40.9;;;30.775;26.787857;22.253571;74.5;
82900;31/03/1971;0000;;19;173.1;;;30.458065;26.983226;23.122581;78.366667;
82900;30/04/1971;0000;;18;190.2;;;30.173333;26.171333;22.716667;85.108333;
82900;31/05/1971;0000;;29;493.3;;;28.341935;24.853548;22.132258;87.91129;
82900;30/06/1971;0000;;26;277.5;;;28.106667;24.800667;21.936667;86.4;
82900;31/07/1971;0000;;26;415.2;;;27.135484;23.872903;21.26129;84.983871;
82900;31/08/1971;0000;;22;154.9;;;27.235484;23.781935;20.477419;80.733871;
82900;30/09/1971;0000;;22;170.1;;;28.066667;24.666667;21.393333;78.825;
82900;31/10/1971;0000;;22;145.9;;;28.603226;25.234194;22.1;78.142857;
82900;30/11/1971;0000;;7;24.3;;;29.166667;25.477778;21.605;77.323529;
82900;31/12/1971;0000;;8;11.4;;;30.082759;26.091034;21.393103;73.508621;
82900;31/01/1972;0000;;3;32.7;;;31.080645;24.041333;19.643333;71.612903;
82900;29/02/1972;0000;;15;62.1;;;30.113793;26.642759;22.582759;75.339286;
82900;31/03/1972;0000;;25;156.6;;;29.845161;26.167742;22.480645;80.908333;
82900;30/04/1972;0000;;20;359.3;;;29.416667;25.947586;22.472414;82.908333;
82900;31/05/1972;0000;;24;287.1;;;28.519355;25.108387;22.270968;87.83871;
82900;30/06/1972;0000;;26;338.7;;;27.973333;24.531333;21.866667;86.891667;
82900;31/07/1972;0000;;20;232;;;27.767742;24.159355;21.012903;84.298387;
82900;31/08/1972;0000;;17;285.3;;;27.912903;23.624762;19.758065;81.516129;
82900;30/09/1972;0000;;16;128;;;28.286667;25.148;21.613333;77.15;
82900;31/10/1972;0000;;15;72.3;;;29.393548;25.901935;22.177419;75.241935;
82900;30/11/1972;0000;;5;8.9;;;30.266667;26.142;21.333333;72.5;
82900;31/12/1972;0000;;12;39.7;;;30.529032;27.077419;23.448387;74.408333;
82900;31/01/1973;0000;264.8;18;82.9;;1012.18587;30.164516;27.109677;23.576667;75.733871;
82900;28/02/1973;0000;207.9;13;108.3;;;30.714286;27.44;23.564286;75.107143;
82900;31/03/1973;0000;258.2;;201.1;;;30.867857;27.327857;23.596552;79.142857;
82900;30/04/1973;0000;170.8;;770.4;;;29.55;26.282;23.76;85.525;
82900;31/05/1973;0000;218.9;;313;;1011.9;29.532258;25.68;22.674194;85.685484;
82900;30/06/1973;0000;153.1;;501.2;;;28.246667;25.028;22.893333;87.633333;
82900;31/07/1973;0000;197.1;;422.6;;;28.170968;24.619355;22.125806;84.903226;
82900;31/08/1973;0000;282.9;;100.7;;;28.635484;24.883226;21.290323;78.951613;
82900;30/09/1973;0000;226.6;;200.4;;;28.2;24.774;21.326667;82.275;
82900;31/10/1973;0000;285.8;;118.6;;;29.232258;25.852903;21.83871;76.532258;
82900;30/11/1973;0000;308;;23.8;;;30.486667;26.484;21.813333;71.875;
82900;31/12/1973;0000;283.7;;65.6;;;30.46129;26.88;22.429167;72.846774;
82900;31/01/1974;0000;257.7;;210.1;;;30.164516;26.425161;22.5;75.927419;
82900;28/02/1974;0000;209.3;;174.5;;;29.617857;26.415;22.732143;78.169643;
82900;31/03/1974;0000;183.7;;323.5;;;29.590323;26.111613;23.1;84.241935;
82900;30/04/1974;0000;158.4;;285.3;;;29.35;25.87;22.87;86.25;
82900;31/05/1974;0000;195.8;;454.6;;;28.806452;25.188387;22.258065;85.572581;
82900;30/06/1974;0000;168.9;;299.6;;;27.79;24.485333;21.86;85.191667;
82900;31/07/1974;0000;153.2;;252.6;;;26.996774;23.607097;20.990323;83.225806;
82900;31/08/1974;0000;240.5;;76.1;;1014.83871;27.377419;23.846452;20.732258;80.201613;
82900;30/09/1974;0000;217.4;;121.3;;;27.603333;24.348;21.14;78.766667;
82900;31/10/1974;0000;284.3;;14.8;;;29.287097;25.696774;21.574194;74.419355;
82900;30/11/1974;0000;271.7;;15.2;;;30.343333;26.2;21.510345;72.7;
82900;31/12/1974;0000;268.5;;86.3;;;29.858065;26.410323;22.293548;75.927419;
82900;31/01/1975;0000;275.8;;87.1;;;30.109677;26.772258;22.970968;74.129032;
82900;28/02/1975;0000;231.3;;53;;;30.967857;26.916429;22.310714;72.9375;
82900;31/03/1975;0000;243.8;;257.1;;;30.364516;26.530968;22.541935;79.370968;
82900;30/04/1975;0000;236.2;;110.6;;;30.893333;26.718667;22.373333;77.625;
82900;31/05/1975;0000;190;;335.3;;;28.722581;24.919355;22.022581;86.024194;
82900;30/06/1975;0000;163.4;;408;;;27.906667;24.25;21.426667;87.633333;
82900;31/07/1975;0000;134.6;;556.2;;;26.9;23.648387;21.135484;87.153226;
82900;31/08/1975;0000;207.4;;171.3;;1015.13871;27.303226;23.97871;21.067742;82.717742;
82900;30/09/1975;0000;225.8;;73.3;;;27.71;24.335333;21.12;80.975;
82900;31/10/1975;0000;280.2;;17;;;29.454839;25.7;21.512903;75.233871;
82900;30/11/1975;0000;279.8;;34.2;;;29.87;26.256667;21.85;73.366667;
82900;31/12/1975;0000;226.2;;134;;;29.122581;25.92;22.235484;77.532258;
82900;31/01/1976;0000;255.3;;47.2;;;29.590323;26.212258;21.86129;73.733871;
82900;29/02/1976;0000;219.8;;255.4;;;29.362069;25.78;21.768966;79.387931;
82900;31/03/1976;0000;155.9;;404.5;;;29.132258;25.491613;21.851613;84.104839;
82900;30/04/1976;0000;204.7;;236.9;;;29.126667;25.174667;21.49;83.708333;
82900;31/05/1976;0000;225.3;;299.7;;;28.522581;24.69871;20.935484;84.008065;
82900;30/06/1976;0000;206.1;;293.8;;;27.976667;24.27;20.806667;82.291667;
82900;31/07/1976;0000;192.1;;268.5;;;27.16129;23.393548;20.290323;82.233871;
82900;31/08/1976;0000;263;;61.1;;;27.667742;23.574839;19.76129;77.717742;
82900;30/09/1976;0000;238.3;;31.4;;;28.513333;24.591333;20.826667;77.608333;
82900;31/10/1976;0000;209.4;;149.2;;;28.925806;25.149032;21.612903;78.25;
82900;30/11/1976;0000;273.2;;48.5;;;29.623333;25.83;21.783333;74.916667;
82900;31/12/1976;0000;271.1;;129.4;;;29.506452;26.163871;22.483871;76.975806;
82900;31/01/1977;0000;209.3;18;74.2;;;29.990323;26.377419;23.145161;77.451613;
82900;28/02/1977;0000;212.9;23;136.5;;;29.721429;26.207143;22.735714;78.276786;
82900;31/03/1977;0000;227;23;182.2;;1011.35914;30.293548;26.814194;23.235484;77.516129;
82900;30/04/1977;0000;199;18;223.1;;;30.273333;26.24;23.18;83.941667;
82900;31/05/1977;0000;181.4;22;297;;;29.274194;25.281935;22.432258;86.129032;
82900;30/06/1977;0000;114.6;27;412.5;;;28.17;24.605333;22.26;87.691667;
82900;31/07/1977;0000;108.6;31;523.8;;1014.78172;27.087097;23.949032;21.558065;85.766129;
82900;31/08/1977;0000;206.1;20;133.5;;;27.867742;24.16129;20.816129;80.443548;
82900;30/09/1977;0000;221.8;18;95.3;;;28.258621;24.977931;22.126667;77.896552;
82900;31/10/1977;0000;222.4;19;109.4;;;28.709677;25.487097;22.212903;76.290323;
82900;30/11/1977;0000;278.3;10;20.4;;;29.933333;26.274;22.57;73.983333;
82900;31/12/1977;0000;238.4;9;52.5;;;30.490323;26.888387;23.274194;72.612903;
82900;31/01/1978;0000;280.4;10;36;;;30.341935;26.89871;23.074194;72.129032;
82900;28/02/1978;0000;145.8;18;232.7;;1011.85119;29.842857;26.394286;23.435714;79.866071;
82900;31/03/1978;0000;157.3;20;283.7;;;29.351613;25.881935;22.974194;82.112903;
82900;30/04/1978;0000;189.3;20;446.5;;;29.566667;25.868;23;83.45;
82900;31/05/1978;0000;194.6;24;260.9;;;28.970968;25.453548;22.732258;84.967742;
82900;30/06/1978;0000;171.5;24;300.7;;;27.81;24.448;21.64;84.066667;
82900;31/07/1978;0000;140.2;26;505.6;;;27.512903;24.100645;21.609677;87.491935;
82900;31/08/1978;0000;184.4;25;210.6;;;27.496774;24.017419;21.116129;82.370968;
82900;30/09/1978;0000;156.1;25;291.3;;;27.583333;24.242667;21.53;81.516667;
82900;31/10/1978;0000;232.1;21;46.6;;;28.706452;25.347742;21.832258;76.112903;
82900;30/11/1978;0000;256.3;16;60.2;;;29.083333;25.736;22.36;74.683333;
82900;31/12/1978;0000;225.6;;69.2;;;29.503226;25.989032;22.032258;75.354839;
82900;31/01/1979;0000;;15;78.9;;;30.196774;26.759355;23.4;74.5;
82900;28/02/1979;0000;170.8;14;136.7;;;30.121429;26.495;22.760714;77.5;
82900;31/03/1979;0000;187.1;16;145.3;;;29.980645;26.440645;22.658065;79.330645;
82900;30/04/1979;0000;178.8;14;115;;;29.97;26.33;22.816667;80.125;
82900;31/05/1979;0000;139.6;23;258.3;;;28.825806;25.349677;22.764516;84.91129;
82900;30/06/1979;0000;117.8;29;418.4;;;27.634483;24.322069;21.953333;82.891667;
82900;31/07/1979;0000;157.8;22;230.1;;;27.312903;23.652258;20.877419;83.024194;
82900;31/08/1979;0000;157.2;23;128.5;;1014.27037;27.351613;23.943871;20.964516;80.08871;
82900;30/09/1979;0000;150.7;21;251.4;;;27.776667;24.904;22.093333;80.646552;
82900;31/10/1979;0000;247.1;16;39.9;;;28.993548;25.554839;22.151613;75.564516;
82900;30/11/1979;0000;228.9;15;65.2;;;29.703333;26.212667;22.456667;74.775;
82900;31/12/1979;0000;250.9;10;25.6;;;30.73871;26.831333;22.426667;73.333333;
82900;31/01/1980;0000;192.8;18;63.4;;1011.29;30.53871;27.096129;23.048387;73.975806;
82900;29/02/1980;0000;120.7;21;369.8;;;29.72069;26.245517;22.562069;80.301724;
82900;31/03/1980;0000;190.8;21;354.6;;1011.3;29.264516;25.815484;22.635484;80.951613;
82900;30/04/1980;0000;;20;152.4;;;29.196667;25.719333;22.426667;82.353448;
82900;31/05/1980;0000;155.7;26;227;;;28.435484;25.088387;22.035484;83.653226;
82900;30/06/1980;0000;128.9;23;456.3;;;27.68;24.462;21.663333;85.87931;
82900;31/07/1980;0000;196.5;21;140.7;;1015.136;27.903226;24.092903;20.825806;79.58871;
82900;31/08/1980;0000;192.5;21;99.7;;;27.945161;24.064516;20.748387;81.169355;
82900;30/09/1980;0000;208.1;13;95.2;;;28.423333;24.985333;21.226667;78.241379;
82900;31/10/1980;0000;227;20;130.4;;1013.84058;28.541935;25.209677;21.264516;75.83871;
82900;30/11/1980;0000;212.6;19;102.8;;;29.326667;25.866667;22.103333;75.008333;
82900;31/12/1980;0000;213.4;18;67.2;;;29.677419;25.842581;21.883871;76.193548;
82900;31/01/1981;0000;;19;195.5;;;29.590323;26.197419;22.574194;76.669643;
82900;28/02/1981;0000;;24;134.2;;;29.232143;26.411111;23.382143;75.714286;
82900;31/03/1981;0000;157.5;16;153.9;;1013.25977;29.474194;25.992667;22.906452;82.201613;
82900;30/04/1981;0000;204.6;18;107.4;;;29.353333;25.832414;22.134483;78.416667;
82900;31/05/1981;0000;154.8;27;219.9;;;28.374194;25.005161;22.148387;82.846774;
82900;30/06/1981;0000;209.7;25;231;;;27.85;24.494;21.35;80.591667;
82900;31/07/1981;0000;178;27;135;;;26.980645;23.583871;20.596774;78.927419;
82900;31/08/1981;0000;188.9;21;107.8;;;27.158065;23.768387;20.558065;78.58871;
82900;30/09/1981;0000;185.9;20;113.6;;;27.686667;24.394;21.4;76.433333;
82900;31/10/1981;0000;244.8;13;27.5;;;29.090323;25.767097;22.13871;72.758333;
82900;30/11/1981;0000;225.9;17;45.6;;;29.726667;26.488;23.02;72.975;
82900;31/12/1981;0000;169.1;22;181.9;;;29.483871;26.552258;23.841935;76.483333;
82900;31/01/1982;0000;206.6;16;210.1;;;29.464516;26.288667;22.393548;76.83871;
82900;28/02/1982;0000;;17;151.1;;;29.4;25.963571;22.335714;79.589286;
82900;31/03/1982;0000;;14;89.8;;;29.825806;26.367097;22.219355;78.775;
82900;30/04/1982;0000;160.5;20;101.6;;;29.438095;25.865714;22.516667;83.862069;
82900;31/05/1982;0000;;28;353.7;;;28.690323;25.210323;22.029032;85.572581;
82900;30/06/1982;0000;134.6;28;412.9;;;28.003333;24.543333;21.37;85.558333;
82900;31/07/1982;0000;179.8;25;306.4;;;27.535484;23.985806;21;83.155172;
82900;31/08/1982;0000;;27;176.5;;;27.712903;24.12;20.88;81.75;
82900;30/09/1982;0000;139.4;19;206.9;;;28.06;24.552;21.063333;80.316667;
82900;31/10/1982;0000;221.5;10;18.9;;1013.12963;29.290323;25.448387;21.319355;70.330645;
82900;30/11/1982;0000;230.2;13;16.2;;;29.723333;26.118;22.093333;72.358333;
82900;31/12/1982;0000;201;12;41.3;;;29.974194;26.626452;22.976667;73.177419;
82900;31/01/1983;0000;232.2;14;112.2;;;30.787097;26.953548;22.870968;75.637097;
82900;28/02/1983;0000;198;;338.5;;1011.8;29.839286;26.705;23.625;80.888889;
82900;31/03/1983;0000;207.4;;413.2;;1011.4;30.096774;26.841935;23.693548;82.274194;
82900;30/04/1983;0000;234.8;;88.2;;1011.08;30.236667;;22.773333;;
82900;31/05/1983;0000;202.8;;183.2;;;29.493548;25.445161;22.054839;84.870968;
82900;30/06/1983;0000;182.3;21;141.3;;;28.693333;24.469333;21.063333;83.801724;
82900;31/07/1983;0000;182.9;;226.7;;;28.187097;24.006;20.541935;83.370968;
82900;31/08/1983;0000;219.5;;165.6;;;28.16129;24.494839;21.270968;79.741935;
82900;30/09/1983;0000;224.9;14;42.1;;;28.836667;25.23931;21.303333;76.303571;
82900;31/10/1983;0000;223.8;16;112.2;;;29.212903;25.617419;21.945161;76.403226;
82900;30/11/1983;0000;285.9;;13.1;;;29.953333;25.886;20.863333;73.441667;
82900;31/12/1983;0000;259.3;;24.5;;;30.554839;26.727742;22.290323;72.025;
82900;31/01/1984;0000;280.8;;96.1;;1011;30.648387;26.78;22.464516;72.613636;
82900;29/02/1984;0000;270;;70.3;;;31.389655;;23.382759;;
82900;31/03/1984;0000;252.2;;119.9;;;31.403226;;23.125806;;
82900;30/04/1984;0000;151.6;25;620.8;;;29.683333;;22.85;;
82900;31/05/1984;0000;153.3;;522.5;;1011.28046;29.012903;;22.39;;
82900;30/06/1984;0000;201.3;24;265.4;;;28.563333;24.917333;21.693333;82.7;
82900;31/07/1984;0000;143;;598.3;;;27.33;;21.190323;;
82900;31/08/1984;0000;165.1;;375.8;;;27.574194;;21.077419;;
82900;30/09/1984;0000;246.7;;79.3;;;28.596667;24.82;20.68;81.430556;
82900;31/10/1984;0000;260.3;;84.5;;;29.133333;;21.787097;;
82900;30/11/1984;0000;266;;27.8;;;29.936667;;21.976667;;
82900;31/12/1984;0000;319.6;;10.3;;;31.093548;;21.9;;
82900;31/01/1985;0000;256.1;12;67.2;;;31.654839;27.474194;23.251613;74.448276;
82900;28/02/1985;0000;;17;102.5;;;30.653571;26.44;21.903571;78.0625;
82900;31/03/1985;0000;;24;188.2;;;30.370968;26.72069;22.541935;80.055556;
82900;30/04/1985;0000;;24;385.5;;;29.488889;25.691818;22.531034;;
82900;31/05/1985;0000;183.4;27;415.6;;;29.422581;25.396774;21.854839;84.583333;
82900;30/06/1985;0000;180.3;21;352;;;28.706667;24.906667;21.856667;85.008621;
82900;31/07/1985;0000;;28;573.3;;;27.296774;23.930968;21.380645;86.669355;
82900;31/08/1985;0000;;23;137.2;;;28.048387;24.367586;21.143333;81.387931;
82900;30/09/1985;0000;202.8;21;92;;;28.09;24.852667;21.493333;77.172414;
82900;31/10/1985;0000;;9;17.4;;;29.696774;25.681935;20.954839;72.357143;
82900;30/11/1985;0000;;12;28.2;;;30.16;26.242963;21.444828;71.439655;
82900;31/12/1985;0000;187.5;16;53;;;30.103226;26.267097;21.793548;74.943548;
82900;31/01/1986;0000;249;11;47.5;;;30.880645;26.847742;22.174194;72.66129;
82900;28/02/1986;0000;206.6;16;212.1;;;30.175;26.492857;22.521429;76.87963;
82900;31/03/1986;0000;;23;521.4;;;29.8;25.951613;22.535484;83.491667;
82900;30/04/1986;0000;136.1;24;444;;;29.45;26.101333;22.896667;83.833333;
82900;31/05/1986;0000;158.8;26;574.8;;;29.087097;25.569677;22.26129;84.604839;
82900;30/06/1986;0000;113.4;27;445.7;;;27.476667;24.294;21.79;84.34;
82900;31/07/1986;0000;158.2;25;472;;;27.483871;23.765517;20.883871;86.396552;
82900;31/08/1986;0000;187.1;26;356.7;;;27.725806;24.225333;20.945161;81.774194;
82900;30/09/1986;0000;164.8;24;217;;;27.966667;24.525333;21.423333;81.883333;
82900;31/10/1986;0000;257.6;15;59.4;;1013.51828;29.209677;25.518065;21.516129;76.201613;
82900;30/11/1986;0000;201.2;16;42.2;;1012.1;29.534483;26.304828;23.136667;76.775;
82900;31/12/1986;0000;207.9;16;48.3;;;29.573333;26.189655;22.38;78.594828;
82900;31/01/1987;0000;;13;50.5;;;30.251613;26.594194;22.325806;77.653226;
82900;28/02/1987;0000;;19;196;;;30.160714;26.703571;23.214286;78.633929;
82900;31/03/1987;0000;;26;476.5;;;30.022581;26.458667;23.11;82.491379;
82900;30/04/1987;0000;;26;323;;;30.076667;26.498667;23.503333;84.321429;
82900;31/05/1987;0000;;15;137.1;;;30.18;26.013333;22.36129;82.072581;
82900;30/06/1987;0000;;26;443.8;;;28.88;25.178667;22.123333;85.883333;
82900;31/07/1987;0000;;26;421.4;;;28.244828;24.781667;21.79;84.583333;
82900;31/08/1987;0000;;22;130.5;;;28.712903;25.128387;21.558065;79.983871;
82900;30/09/1987;0000;;18;82;;;28.966667;25.246207;20.84;78.151786;
82900;31/10/1987;0000;;14;161.3;;;29.09;25.306;21.16129;78.214286;
82900;30/11/1987;0000;;8;12.2;;;30.383333;26.51;22.389655;75.961538;
82900;31/12/1987;0000;;3;12.4;;;31.041935;27.179355;22.977419;75.443548;
82900;31/01/1988;0000;;15;65.4;;;31.174194;27.307742;23.296774;73.508333;
82900;29/02/1988;0000;;14;81.9;;;31.124138;27.648966;23.168966;70.931034;
82900;31/03/1988;0000;;15;156.2;;;31.848387;27.450667;23.11;76.782258;
82900;30/04/1988;0000;;25;598.1;;;30.17;26.337333;23.166667;85.419643;
82900;31/05/1988;0000;;17;168.8;;;29.522581;25.595484;22.270968;83.322581;
82900;30/06/1988;0000;;21;305.2;;;28.51;25.029333;21.863333;82.598214;
82900;31/07/1988;0000;;26;657.3;;;27.490323;24.016667;21.135484;85.12931;
82900;31/08/1988;0000;;27;202.7;;;27.229032;23.745806;20.632258;82.258065;
82900;30/09/1988;0000;216.4;16;78.2;;;28.124138;24.894;21.41;76.025;
82900;31/10/1988;0000;;15;27.9;;;29.725806;26.285161;22.845161;73.024194;
82900;30/11/1988;0000;;13;54;;;29.84;26.534;23.093333;75.625;
82900;31/12/1988;0000;;15;59.7;;;30.245161;26.677333;22.377419;73.959677;
82900;31/01/1989;0000;246.4;14;174.8;;;30.322581;26.316774;22.167742;75.475;
82900;28/02/1989;0000;235.2;8;36.9;;;30.846429;26.991429;22.178571;72.196429;
82900;31/03/1989;0000;255.5;10;83.9;;;31.541935;27.33871;21.948387;71.405172;
82900;30/04/1989;0000;123.4;29;474.4;;;29.543333;25.893103;22.806897;87.108333;
82900;31/05/1989;0000;176.8;25;317.9;;;29.354839;25.651613;22.370968;84.919355;
82900;30/06/1989;0000;155.6;26;418.4;;;28.248276;24.875333;21.71;86.141667;
82900;31/07/1989;0000;133.9;24;538.7;;;27.070968;23.769677;21.122581;88.741935;
82900;31/08/1989;0000;195.7;22;323.8;;;27.896774;24.430323;21.029032;81.435484;
82900;30/09/1989;0000;217.7;14;39.7;;;28.876667;25.182667;21.246667;77.033333;
82900;31/10/1989;0000;234.7;14;66.1;;;29.322581;25.814839;21.954839;75.274194;
82900;30/11/1989;0000;202.5;15;74.9;;;29.62963;26.378261;22.692593;78.9625;
82900;31/12/1989;0000;143.9;18;89.4;;;30.16129;26.793548;23.519355;78.25;
82900;31/01/1990;0000;255.7;18;78.2;;;29.725806;26.365806;22.635484;77.362903;
82900;28/02/1990;0000;157.8;12;57.1;;1011.48961;30.346154;26.358462;22.2;78.605769;
82900;31/03/1990;0000;242.3;11;26.8;;;31.490323;27.207097;22.274194;73.508065;
82900;30/04/1990;0000;182.5;22;390.4;;;30.286667;26.632667;22.666667;78.966667;
82900;31/05/1990;0000;207.1;19;274.7;;;29.409677;25.33871;21.358065;83.298387;
82900;30/06/1990;0000;168.8;25;453.2;;;28.183333;24.682;21.52;85.208333;
82900;31/07/1990;0000;170.4;29;543.8;;;27.816129;24.156774;21.222581;85.806452;
82900;31/08/1990;0000;165.4;27;382.8;;;27.725806;24.024516;20.719355;84.024194;
82900;30/09/1990;0000;190.2;17;115.6;;1014.44;28.743333;24.823333;20.796667;78.833333;
82900;31/10/1990;0000;235.5;21;89.2;;;29.480645;25.664516;21.909677;76.612069;
82900;30/11/1990;0000;234.3;16;36.3;;1012.26;30.623333;26.600667;22.256667;74.183333;
82900;31/12/1990;0000;252.9;6;30.3;;;30.848387;26.319355;20.106452;72.322581;
82900;31/01/1991;0000;238.8;13;60;;;30.912903;27.090968;23.122581;72.927419;
82900;28/02/1991;0000;203.5;12;32.8;;1011.82381;31.207143;27.352857;23.210714;72.705357;
82900;31/03/1991;0000;215.1;19;143.9;;;30.767742;26.910323;22.893548;75.814516;
82900;30/04/1991;0000;231.7;18;273.3;;;30.306667;26.493333;22.18;78.1;
82900;31/05/1991;0000;134.3;22;536.3;;;28.958065;25.552258;22.880645;85.120968;
82900;30/06/1991;0000;182.1;23;208.1;;;28.43;24.881333;22.006667;84.183333;
82900;31/07/1991;0000;129.2;29;355.5;;;27.170968;23.871613;21.290323;84.483871;
82900;31/08/1991;0000;164.7;23;261.5;;;27.145161;23.641935;20.677419;81.258065;
82900;30/09/1991;0000;193.4;20;59.2;;;27.876667;24.490667;21.056667;77.991667;
82900;31/10/1991;0000;184.1;20;170.5;;;28.151613;24.974839;21.36129;76.782258;
82900;30/11/1991;0000;235.6;13;61.2;;;29.25;25.936667;21.3;74.068966;
82900;31/12/1991;0000;273.6;7;20.1;;;30.374194;26.330968;21.56129;73.048387;
82900;31/01/1992;0000;194.9;14;156.5;;;30.667742;26.642581;22.593548;74.177419;
82900;29/02/1992;0000;144;22;348.9;;;29.651724;26.688276;23.565517;81.043103;
82900;31/03/1992;0000;151.3;25;421.8;;;29.248387;26.536774;23.606452;82.112903;
82900;30/04/1992;0000;217.1;18;135.4;;;30.073333;26.874667;23.276667;77.075;
82900;31/05/1992;0000;195.3;25;141.3;;;29.619355;25.786452;21.706452;78.032258;
82900;30/06/1992;0000;147;28;481.2;;;28;24.348667;21.48;85.191667;
82900;31/07/1992;0000;200.3;29;367.2;;;27.332258;23.8;21.016129;82.91129;
82900;31/08/1992;0000;170.4;24;159.8;;;27.293103;23.778621;21.096774;82.983871;
82900;30/09/1992;0000;212.8;21;146.1;;1014.28;27.796667;24.78;21.81;78.4;
82900;31/10/1992;0000;246;11;42.6;;;28.854839;25.252258;21.687097;74.104839;
82900;30/11/1992;0000;226.1;18;75;;;28.706897;25.56069;22.3;75.841667;
82900;31/12/1992;0000;245.6;9;15.5;;;29.606452;26.345161;22.832258;73.137097;
82900;31/01/1993;0000;206.6;12;49.6;;;29.909677;26.55871;23.009677;73.145161;
82900;28/02/1993;0000;250.6;6;93.1;;;30.332143;26.899286;22.981481;70.026786;
82900;31/03/1993;0000;280.4;10;63.5;;;30.258065;26.886452;22.674194;71.58871;
82900;30/04/1993;0000;230.4;18;135.3;;;29.986667;26.562;22.8;77.233333;
82900;31/05/1993;0000;187.6;21;214.7;;;28.970968;25.592903;22.432258;83.282258;
82900;30/06/1993;0000;195.2;25;277.9;;1014.49;28.083333;24.673333;21.47;83.3;
82900;31/07/1993;0000;176.5;24;183.6;;;27.422581;23.803871;20.616129;83.822581;
82900;31/08/1993;0000;230.9;16;161.3;;;27.983871;24.396129;20.541935;81.991935;
82900;30/09/1993;0000;228;10;49.4;;1013.99;28.826667;25.492;21.586667;80.3;
82900;31/10/1993;0000;262.1;14;34.2;;;29.787097;26.436774;22.951613;73.790323;
82900;30/11/1993;0000;232.1;15;29.1;;;30.22;27.004667;23.953333;71.908333;
82900;31/12/1993;0000;293.7;11;34.6;;;30.703226;27.240645;23.532258;70.983871;
82900;31/01/1994;0000;251.2;14;143.4;;;30.3;26.95871;22.93871;74.048387;
82900;28/02/1994;0000;216.1;17;96.5;;;30.8;27.412143;23.439286;72.169643;
82900;31/03/1994;0000;231;17;293.5;;;31.158065;27.525161;23.458065;76.322581;
82900;30/04/1994;0000;211.9;22;232.8;;1011.48;29.923333;26.211333;22.773333;82.366667;
82900;31/05/1994;0000;152;28;575;;;28.783871;25.338065;22.548387;90.201613;
82900;30/06/1994;0000;158.8;29;671.1;;;28.263333;25.015333;22.37;90.741667;
82900;31/07/1994;0000;188.1;30;287.1;;;27.764516;24.362581;21.423333;88.741935;
82900;31/08/1994;0000;214.3;19;153.8;;;27.83871;24.167742;20.877419;84.862903;
82900;30/09/1994;0000;188.8;26;163.7;;;28.13;24.739333;21.403333;81.725;
82900;31/10/1994;0000;238.5;14;23.4;;;29.193548;25.934839;22.409677;74.064516;
82900;30/11/1994;0000;253;11;15.8;;;30.09;26.222667;22.02;71.516667;
82900;31/12/1994;0000;234.7;13;32.7;;;30.454839;26.88129;23.293548;72.75;
82900;31/01/1995;0000;241.4;7;29.8;;;30.477419;26.834839;22.429032;72.58871;
82900;28/02/1995;0000;223.9;15;124;;;30.807143;27.196429;22.453571;73.892857;
82900;31/03/1995;0000;273.6;17;214.5;;;30.958065;27.387742;22.880645;74.854839;
82900;30/04/1995;0000;185.2;21;186.2;;;30.113333;26.447333;22.566667;82;
82900;31/05/1995;0000;191.9;24;351.3;;;29.625806;25.849032;21.974194;83.427419;
82900;30/06/1995;0000;129.5;29;525.2;;;27.817241;24.291333;20.906667;86.525;
82900;31/07/1995;0000;178.9;26;319.6;;;27.816129;24.33871;21.132258;83.282258;
82900;31/08/1995;0000;210.4;19;46.8;;;27.903226;24.336129;19.922581;75.612903;
82900;30/09/1995;0000;233.8;12;26.2;;1015.84;28.706667;25.29;21.34;72.358333;
82900;31/10/1995;0000;274.5;10;27.4;;;29.745161;26.191613;22.619355;69.806452;
82900;30/11/1995;0000;214.7;16;53.8;;;29.713333;26.194667;22.853333;75.391667;
82900;31/12/1995;0000;279.4;5;6.5;;1011.62043;30.932258;26.934839;22.367742;71.443548;
82900;31/01/1996;0000;253.6;19;159.4;;;30.429032;27.174839;23.954839;73.387097;
82900;29/02/1996;0000;252.7;17;155;;;30.341379;27.115862;23.096552;73.318966;
82900;31/03/1996;0000;212.5;20;159.2;;1010.2;30.609677;27.208387;23.609677;77.572581;
82900;30/04/1996;0000;152.4;27;462.7;;;29.776667;26.232;23.443333;85.583333;
82900;31/05/1996;0000;217.6;12;232;;;29.758065;25.745161;22.387097;82.032258;
82900;30/06/1996;0000;167.5;26;236.5;;;28.206667;24.888667;21.93;82.216667;
82900;31/07/1996;0000;165.9;31;380.4;;1015.6;27.396774;24.016129;21.583871;85.25;
82900;31/08/1996;0000;196.3;19;253.8;;;27.677419;24.536774;21.825806;81.451613;
82900;30/09/1996;0000;203.1;20;191;;;28.173333;25.114;22.02;78.158333;
82900;31/10/1996;0000;284.5;12;33.4;;1012.73871;29.632258;26.436774;23.012903;73.903226;
82900;30/11/1996;0000;239.2;17;63.7;;;29.966667;26.693333;23.103333;73.491667;
82900;31/12/1996;0000;275;12;38.2;;;30.603226;27.23871;23.154839;72.217742;
82900;31/01/1997;0000;248.4;12;30.6;;;31.164516;27.698065;23.76129;71.225806;
82900;28/02/1997;0000;205.6;21;158.6;;;30.103571;27.033571;23.307143;74.928571;
82900;31/03/1997;0000;200.1;26;224.4;;;29.893548;26.831613;23.464516;79.08871;
82900;30/04/1997;0000;192.4;22;362.7;;;29.603333;26.156667;22.663333;82.258333;
82900;31/05/1997;0000;174.5;25;466.3;;;28.66129;25.5;22.625806;84.056452;
82900;30/06/1997;0000;191.4;22;182.2;;;28.33;24.213333;20.686667;84.55;
82900;31/07/1997;0000;198.8;27;205.4;;;27.577419;23.887097;20.545161;82.629032;
82900;31/08/1997;0000;174.5;28;130.1;;;27.322581;24.280645;21.270968;80.725806;
82900;30/09/1997;0000;261.9;8;20.5;;1013.74;28.933333;25.242667;20.8;74.325;
82900;31/10/1997;0000;284.8;5;15.5;;;30.232258;26.476129;22.187097;71.645161;
82900;30/11/1997;0000;273;7;43;;;30.366667;26.903333;22.81;70.383333;
82900;31/12/1997;0000;270.9;11;71.8;;;30.777419;27.165806;23;73.419355;
82900;31/01/1998;0000;256.8;14;67.4;;;31.35;27.843226;23.732258;74.564516;
82900;28/02/1998;0000;248.9;10;42.2;;;32.121429;28.584286;24.692857;71.151786;
82900;31/03/1998;0000;277.6;17;83.6;;1010.87957;32.33871;28.486452;24.174194;72.991935;
82900;30/04/1998;0000;233.3;23;115.9;;;31.45;27.935333;23.806667;75.708333;
82900;31/05/1998;0000;182.3;20;187.6;;;29.929032;26.354194;22.664516;79.895161;
82900;30/06/1998;0000;199.5;24;166.6;;;28.81;25.29;21.73;80.475;
82900;31/07/1998;0000;196.2;29;169.1;;;28.309677;24.753548;21.1;81.08871;
82900;31/08/1998;0000;175.4;29;277.8;;;27.996774;24.398065;21.129032;81.693548;
82900;30/09/1998;0000;243.4;22;52.3;;;28.723333;25.406;21.45;74.675;
82900;31/10/1998;0000;250.1;12;55.4;;;29.5;26.26129;22.625806;73.306452;
82900;30/11/1998;0000;251.4;8;15.8;;;30.548276;27.054483;22.896667;72.4;
82900;31/12/1998;0000;269.5;11;16;;1011.47957;30.993548;27.432903;23.23871;69.629032;
82900;31/01/1999;0000;257.8;10;44.7;;;30.987097;27.369677;23.006452;70.830645;
82900;28/02/1999;0000;211.6;12;18.8;;;31.128571;27.812143;24.146429;70.4375;
82900;31/03/1999;0000;249.8;13;196.9;;1010.11828;30.63871;27.417419;23.719355;73.403226;
82900;30/04/1999;0000;242.7;13;103.4;;;30.383333;27.005333;22.753333;73.8;
82900;31/05/1999;0000;220.2;27;306.1;;;29.345161;25.836774;22.454839;81.403226;
82900;30/06/1999;0000;223.2;17;125.3;;;28.67;25.084667;21.626667;80.4;
82900;31/07/1999;0000;205;22;259.6;;;27.858065;24.295484;20.990323;79.306452;
82900;31/08/1999;0000;214;25;142.2;;;27.503226;23.826452;20.151613;79.177419;
82900;30/09/1999;0000;203.7;19;72.8;;;28.23;25.307333;22.2;75.775;
82900;31/10/1999;0000;257.3;13;90.3;;1013.35914;29.051613;25.858065;22.264516;73.322581;
82900;30/11/1999;0000;257.5;11;18.9;;;30.176667;26.791333;22.81;71.475;
82900;31/12/1999;0000;210.6;25;104.9;;;30.235484;27.160645;23.848387;73.282258;
82900;31/01/2000;0000;228.8;17;276.4;;;29.945161;26.725806;22.870968;76.483871;
82900;29/02/2000;0000;204.5;13;87.9;;;30.306897;27.01931;23.237931;76.87069;
82900;31/03/2000;0000;221.9;23;174.1;;;30.316129;27.174839;23.219355;74.854839;
82900;30/04/2000;0000;189.8;27;435.4;;;29.616667;26.374;23.186667;82.875;
82900;31/05/2000;0000;205.5;22;265.4;;1012.15914;29.196774;25.672903;22.287097;82.798387;
82900;30/06/2000;0000;133.2;26;562.9;;;27.93;24.757333;21.973333;86.016667;
82900;31/07/2000;0000;121.5;29;575;;;27.035484;24.045161;21.580645;86.841667;
82900;31/08/2000;0000;198;21;443.4;;;27.558065;24.430968;21.248387;81.104839;
82900;30/09/2000;0000;163;27;336.1;;;28.216667;25.089333;21.603333;80.358333;
82900;31/10/2000;0000;219.5;18;58.2;;1013.77957;29.112903;26.148387;22.786667;72.983871;
82900;30/11/2000;0000;244.8;10;45.1;;;29.746667;26.425333;22.366667;73.025;
82900;31/12/2000;0000;224.3;8;99.1;;1011.83871;29.33871;26.072903;22.083871;76.524194;
82900;31/01/2001;0000;244.5;13;58.8;;;29.825806;26.59871;22.445161;72.4;
82900;28/02/2001;0000;237.9;12;56.5;;;30.871429;27.332143;23.157143;72;
82900;31/03/2001;0000;211.8;19;133.7;;;30.4;27.021935;23.16129;76.806452;
82900;30/04/2001;0000;173.3;23;327.8;;1011.95;29.606667;26.030667;22.606667;81.941667;
82900;31/05/2001;0000;249.9;10;59.5;;;29.967742;26.212258;21.841935;78.306452;
82900;30/06/2001;0000;155.9;26;432.4;;;28.403333;24.607333;21.52;85.433333;
82900;31/07/2001;0000;197;31;355.5;;;27.809677;24.438065;21.370968;84.024194;
82900;31/08/2001;0000;217.2;25;211;;;27.690323;24.536774;21.370968;78.024194;
82900;30/09/2001;0000;217.4;16;106.3;;;28.38;25.343333;22.07;76.958333;
82900;31/10/2001;0000;184.7;11;103.7;;;29.219355;26.066452;23.258065;78.258065;
82900;30/11/2001;0000;237;9;32.1;;;30.003333;26.772;23.293333;74.316667;
82900;31/12/2001;0000;213.5;22;109;;;30.164516;27.265161;24.387097;77.685484;
82900;31/01/2002;0000;157;23;231.6;;;29.606452;26.495484;23.258065;80.887097;
82900;28/02/2002;0000;195.2;16;199.5;;;30.067857;26.88;23.514286;77.767857;
82900;31/03/2002;0000;206;25;409.8;;;29.819355;26.612903;23.354839;80.879032;
82900;30/04/2002;0000;194.9;23;140.2;1012.18427;;29.833333;26.49;22.986667;80.025;
82900;31/05/2002;0000;170.5;21;304.2;;;29.096774;26.04;23.06129;81.935484;
82900;30/06/2002;0000;155.4;25;583.5;;;27.803333;24.828;22.236667;84.65;
82900;31/07/2002;0000;163.5;24;282.3;;;27.670968;24.525806;21.825806;83.306452;
82900;31/08/2002;0000;200.7;25;124.2;;;27.825806;24.682581;21.158065;77.653226;
82900;30/09/2002;0000;243.5;12;42.5;;;28.656667;25.462667;21.426667;72.541667;
82900;31/10/2002;0000;189.1;12;49;;;29.022581;26.032258;22.767742;74.112903;
82900;30/11/2002;0000;199;13;87.7;;1013.23;29.74;26.210667;22.543333;75.183333;
82900;31/12/2002;0000;242.3;10;33.1;;;30.693548;27.22;23.506452;74.024194;
82900;31/01/2003;0000;228.6;12;53.3;;;31.43871;27.337419;22.583871;73.048387;
82900;28/02/2003;0000;175.1;21;158.5;;1011.925;30.514286;26.907857;23;77.303571;
82900;31/03/2003;0000;197.9;25;397.9;;;30.364516;26.621935;22.922581;81.532258;
82900;30/04/2003;0000;232.7;18;116.1;;;30.456667;26.667333;22.73;79.208333;
82900;31/05/2003;0000;212.6;19;225.9;;;30.012903;26.023226;22.606452;81.951613;
82900;30/06/2003;0000;148.1;24;474.5;;1014.07;27.986667;24.347333;21.37;85.95;
82900;31/07/2003;0000;205.9;26;282.2;;;27.445161;24.004516;21.083871;83.596774;
82900;31/08/2003;0000;234.8;24;194.8;;;27.825806;24.134194;20.732258;81.322581;
82900;30/09/2003;0000;241;18;136;;;28.533333;25.139333;21.743333;77.35;
82900;31/10/2003;0000;248.9;18;52.3;;1013.52043;29.483871;26.047097;22.512903;74.330645;
82900;30/11/2003;0000;265.8;11;26.8;;;30.69;26.936;23.256667;72.341667;
82900;31/12/2003;0000;266.7;16;51.5;1013.03871;;31.306452;27.335484;23.523333;71.919355;
82900;31/01/2004;0000;148.2;22;249.9;1011.64086;;30.66129;26.876774;23.674194;79.177419;
82900;29/02/2004;0000;185.4;17;226;;;30.675862;26.72069;22.868966;79.189655;
82900;31/03/2004;0000;228.6;19;168.8;;1011.27957;30.735484;26.917419;23.193548;77.169355;
82900;30/04/2004;0000;178.2;26;378.2;1012.78;1011.85;30.09;26.345333;22.963333;82;
82900;31/05/2004;0000;166.6;28;327.7;;;29.341935;25.270323;22.23871;86.120968;
82900;30/06/2004;0000;92.6;27;537.3;1016.76;;28.293333;24.432;21.727586;88;
82900;31/07/2004;0000;149.3;24;359.8;;;27.890323;23.834839;20.625806;86.08871;
82900;31/08/2004;0000;225.6;23;138.9;;;28.396774;23.945161;20.012903;82.459677;
82900;30/09/2004;0000;222.8;18;81.1;;;28.643333;24.875333;21.173333;78.166667;
82900;31/10/2004;0000;262.3;9;33.6;1014.27957;;29.641935;25.987097;22.16129;73.846774;
82900;30/11/2004;0000;255.9;6;18.2;;;30.55;26.714;22.896667;71.058333;
82900;31/12/2004;0000;285.5;9;13.2;;;31.032258;27.085806;22.735484;69.419355;
82900;31/01/2005;0000;262.9;6;14.3;;;31.467742;27.631613;23.267742;70.629032;
82900;28/02/2005;0000;214.7;16;80.4;;;31.682143;27.695714;23.85;74.919643;
82900;31/03/2005;0000;239.3;13;75.9;;;31.864516;28.148387;23.873333;72.591667;
82900;30/04/2005;0000;239.1;21;168.1;;;30.62;27.222667;23.16;78.308333;
82900;31/05/2005;0000;161.8;25;507.1;;;29.5;25.811613;22.341935;86.096774;
82900;30/06/2005;0000;117;30;709;;;28.366667;24.827333;21.923333;87.483333;
82900;31/07/2005;0000;212.8;27;182.7;;;28.145161;24.245806;20.57;81.709677;
82900;31/08/2005;0000;181.1;27;290.8;;;27.654839;24.145806;20.906452;83.427419;
82900;30/09/2005;0000;234.3;16;45.3;;;28.716667;25.213333;21.436667;76.1;
82900;31/10/2005;0000;277.4;12;59.7;;;29.674194;25.931613;21.816129;74.024194;
82900;30/11/2005;0000;262.1;9;8.7;;;30.58;26.882;23.255172;70.6;
82900;31/12/2005;0000;232.7;15;174.2;;;30.1;26.729677;22.913793;73.056452;
82900;31/01/2006;0000;251.1;11;12.3;;;30.609677;27.105806;23.316129;70.540323;
82900;28/02/2006;0000;221.9;8;32.4;;;31.764286;27.691429;23.246429;70.491071;
82900;31/03/2006;0000;255.9;17;158.2;;;31.635484;27.617419;23.012903;74.701613;
82900;30/04/2006;0000;193.4;22;322.2;;;30.603333;26.672667;22.913333;80.541667;
82900;31/05/2006;0000;191.9;25;338;;;29.732258;25.76;22.663333;85.048387;
82900;30/06/2006;0000;147.4;26;432.1;;;28.48;25.046667;21.963333;83.533333;
82900;31/07/2006;0000;190.2;26;222.5;;;28.422581;24.460645;21.096774;82.475806;
82900;31/08/2006;0000;199.2;21;185.8;;;28.377419;24.550968;21.212903;79.75;
82900;30/09/2006;0000;245.5;15;79;;;29.023333;25.442667;21.783333;75.016667;
82900;31/10/2006;0000;284.8;10;8.7;1013.88913;;30.312903;26.650968;22.777419;69.951613;
82900;30/11/2006;0000;274.7;10;84.7;1012.61954;;30.776667;27.045517;23.01;71.034483;
82900;31/12/2006;0000;237.9;9;106.4;;;30.86129;26.986667;22.744828;73.241667;
82900;31/01/2007;0000;256.7;16;83.5;1013.02043;;30.867742;27.11871;23.087097;74.983871;
82900;28/02/2007;0000;196.2;15;226.7;;;31.621429;27.364286;23.217857;75.75;
82900;31/03/2007;0000;228.5;19;138.7;1012.47957;1011.55914;30.406452;26.886452;23.254839;78.048387;
82900;30/04/2007;0000;212.4;19;347.3;;;30.316667;26.340667;22.666667;80.466667;
82900;31/05/2007;0000;205.1;20;208.2;;;29.683871;25.585161;22.506452;83.854839;
82900;30/06/2007;0000;129.8;25;390.8;;;28.36;24.791333;21.710345;84.483333;
82900;31/07/2007;0000;191.7;26;331;;;28.290323;24.049032;20.987097;83.66129;
82900;31/08/2007;0000;196.4;26;223.7;;1015.77957;27.735484;24.340645;21.619355;81.201613;
82900;30/09/2007;0000;207.2;19;127.1;;;27.716667;24.690667;21.653333;79.466667;
82900;31/10/2007;0000;231.8;16;25.6;;;28.948387;25.634194;22.187097;74.064516;
82900;30/11/2007;0000;263.9;10;40;;;30.216667;26.534;23.146429;71.833333;
82900;31/12/2007;0000;264.6;12;30.6;1012.3;;30.664516;27.037419;23.45;70.564516;
82900;31/01/2008;0000;213.5;13;85.7;;;30.358065;27.009032;23.441935;72.604839;
82900;29/02/2008;0000;256.7;8;32.3;;;31.796552;27.693793;23.003448;69.224138;
82900;31/03/2008;0000;207.8;15;395.4;;;30.96129;26.972258;23.154839;77.475806;
82900;30/04/2008;0000;211.9;21;314.2;;;30.436667;26.091034;21.860714;82.206897;
82900;31/05/2008;0000;186.8;26;415.7;1012.75914;;29.345161;25.5;21.7;84.185484;
82900;30/06/2008;0000;148.9;24;391.8;;;28.096667;24.27;21.086667;86.033333;
82900;31/07/2008;0000;155;29;374.3;;;27.190323;23.787097;20.8;85.241935;
82900;31/08/2008;0000;173.8;27;294.4;;1014.46129;27.412903;23.76129;20.480645;84.854839;
82900;30/09/2008;0000;195.2;16;47.6;;;28.526667;25.328;22.376667;77.975;
82900;31/10/2008;0000;222.4;17;53.6;;;29.3;26.174194;23.077419;74.854839;
82900;30/11/2008;0000;248.2;7;16;;;30.476667;26.906667;23.116667;69.291667;
82900;31/12/2008;0000;241.5;6;18.3;;;31.090323;27.190968;22.951613;68.83871;
82900;31/01/2009;0000;240;7;85.2;;1011.54086;31.093548;27.30129;23.045161;70.016129;
82900;28/02/2009;0000;156.9;20;376.1;;;29.992857;26.532857;23.051852;78.803571;
82900;31/03/2009;0000;250.4;15;142.8;;1010.36129;31.16129;27.216129;22.874194;75.790323;
82900;30/04/2009;0000;189.8;19;351.8;;;30.396667;26.389655;23.096667;83.408333;
82900;31/05/2009;0000;154.2;27;410.1;;;29.432258;25.809677;23.083871;87.685484;
82900;30/06/2009;0000;161;22;333;1014.84382;;28.473333;25.046667;22.373333;86.375;
82900;31/07/2009;0000;183.1;28;386.8;;;28.27;24.587333;22.013333;85.733871;
82900;31/08/2009;0000;219.2;26;290.2;;;28.377419;24.623871;21.729032;82.290323;
82900;30/09/2009;0000;213.5;15;83.5;;;28.99;25.636;22.406667;77.616667;
82900;31/10/2009;0000;258.7;7;16.3;;;30.393548;26.292258;21.829032;71.341667;
82900;30/11/2009;0000;254.3;10;49.9;;;30.834483;26.97931;23.223333;69.982759;
82900;31/12/2009;0000;244.1;14;47.8;;;31.041935;27.372258;23.696774;72.975806;
82900;31/01/2010;0000;157.5;22;193.4;;;30.112903;26.643226;23.296774;79.435484;
82900;28/02/2010;0000;193.3;14;45.2;;;31.296429;27.754286;24.346429;75.973214;
82900;31/03/2010;0000;235;10;92.7;;1011.17957;32.287097;27.906452;23.367742;75.266129;
82900;30/04/2010;0000;210.7;21;273.3;1012.02;;31.016667;27.031333;23.406667;82.408333;
82900;31/05/2010;0000;224.3;17;114.3;1012.76129;;30.332258;26.285806;22.716667;82.967742;
82900;30/06/2010;0000;180.3;23;543.9;;;29.116667;25.344;22.62;85.325;
82900;31/07/2010;0000;178.4;29;259.4;;;28.167742;24.452903;21.52;84.056452;
82900;31/08/2010;0000;156.9;23;191.2;;;27.525806;23.706452;20.573333;82.991935;
82900;30/09/2010;0000;206.4;22;74.3;;;28.216667;24.976552;21.639286;75.608333;
82900;31/10/2010;0000;209.6;9;37.4;;;29.974194;26.34;22.764516;72.701613;
82900;30/11/2010;0000;272.7;8;23.5;;;30.74;27.056;23.033333;67.8;
82900;31/12/2010;0000;219.9;10;84.8;;;30.967742;27.114194;22.916129;70.274194;
82900;31/01/2011;0000;192.3;19;139.3;;;30.409677;26.7;22.970968;74.596774;
82900;28/02/2011;0000;208.8;18;336.6;;;30.557143;26.917143;22.935714;74.196429;
82900;31/03/2011;0000;255;16;129.5;;;31.529032;27.25871;22.709677;74.33871;
82900;30/04/2011;0000;123.8;24;647.4;;;29.686667;26.01;22.4;82.575;
82900;31/05/2011;0000;131.4;25;755.7;;;28.93871;25.483226;22.258065;86.701613;
82900;30/06/2011;0000;149.2;21;303.9;;;28.4;24.822667;21.443333;84.566667;
82900;31/07/2011;0000;126.2;29;544.4;;;27.43871;23.971613;20.919355;86;
82900;31/08/2011;0000;174.8;23;201.8;;;28.051613;24.170323;20.196774;79.725806;
82900;30/09/2011;0000;159.1;19;35.7;;1015.89;28.436667;24.931333;20.93;74.583333;
82900;31/10/2011;0000;192.6;16;34.6;;;29.709677;26.062581;22.029032;71.959677;
82900;30/11/2011;0000;218.7;17;75;;;30.13;26.512;22.333333;71.1;
82900;31/12/2011;0000;237.3;11;41.8;;;30.93871;27.016774;22.758065;69.806452;
82900;31/01/2012;0000;171.6;20;198.6;;1012.1375;30.233333;26.409286;22.280645;74.532258;
82900;29/02/2012;0000;194;13;189.8;;;29.906897;26.566897;22.613793;73.612069;
82900;31/03/2012;0000;225.4;15;138.8;;;30.648387;26.744516;22.422581;73.508065;
82900;30/04/2012;0000;237.2;13;55.8;;;30.473333;26.36069;21.653333;74.05;
82900;31/05/2012;0000;220.9;20;190.2;;;29.822581;25.668276;21.019355;76;
82900;30/06/2012;0000;165;23;296.5;;;28.7;24.627143;20.748276;82.225;
82900;31/07/2012;0000;192.9;24;261.7;;;27.990323;24.361935;20.687097;80.241935;
82900;31/08/2012;0000;203.6;24;163.5;1017.73587;;27.467742;23.808;20.332258;80.201613;
82900;30/09/2012;0000;163.6;8;19.7;;1016.43;28.583333;25.086207;21.106667;71.6;
82900;31/10/2012;0000;187.2;13;54.4;;;29.206452;25.790323;22.096774;70.951613;
82900;30/11/2012;0000;230.6;5;9.9;;;31.043333;26.975333;22.716667;66.041667;
82900;31/12/2012;0000;219.5;11;25.1;;;31.145161;27.348667;23.696552;67.741935;
82900;31/01/2013;0000;227.5;13;95.7;;;31.241935;27.229677;22.86129;70.379032;
82900;28/02/2013;0000;205.2;13;47.7;;;31.717857;27.785;23.45;68.6875;
82900;31/03/2013;0000;201.4;3;98.8;;;31.632258;27.709032;23.806452;71.354839;
82900;30/04/2013;0000;212;;229;1012.8;;31.613333;27.209333;22.733333;74.4;
82900;31/05/2013;0000;202.8;;316.9;;;29.843333;25.818667;22.274194;80.75;
82900;30/06/2013;0000;183.3;;491.4;;;28.82;24.946;21.71;86.291667;
82900;31/07/2013;0000;151.2;;416.4;;1015.28913;27.970968;24.276774;21.254839;84.596774;
82900;31/08/2013;0000;179.4;;225.3;;;28.077419;24.64129;21.593548;80.459677;
82900;30/09/2013;0000;142.2;;146;;;28.476667;25.104667;22.016667;78.866667;
82900;31/10/2013;0000;164.7;;129.2;;;29.5;26.037419;22.793548;75.524194;
82900;30/11/2013;0000;139.1;;76.5;;;29.963333;26.509333;23.173333;76.983333;
82900;31/12/2013;0000;156.4;;177.3;;;30.73871;27.004516;23.193333;74.483871;
82900;31/01/2014;0000;182.8;;108.9;;;30.432258;26.5;22.63;73.858333;
82900;28/02/2014;0000;116.4;;148.2;;;30.546429;26.543571;22.560714;77.571429;
82900;31/03/2014;0000;164.3;;252.4;;1011.81828;30.93871;26.857419;23.241935;79.370968;
82900;30/04/2014;0000;209.8;;268.5;;;31.27;27.042;23.17;77.066667;
82900;31/05/2014;0000;194.5;;315.1;;1012.48172;29.580645;25.512258;22.345161;83.314516;
82900;30/06/2014;0000;193.4;;322.8;;;28.566667;24.876667;21.633333;82.083333;
82900;31/07/2014;0000;182.8;;278.9;;1016.7;28.206452;24.394194;21.216129;82.274194;
82900;31/08/2014;0000;179.3;;162.2;1017.28913;;28;23.985161;20.709677;80.709677;
82900;30/09/2014;0000;133.2;;248.9;1016.26;;28.473333;24.82069;21.443333;80.283333;
82900;31/10/2014;0000;193.6;;146.5;;;29.132258;25.673333;22.570968;78.258065;
82900;30/11/2014;0000;233.9;;56;;;30.506667;26.300667;22.49;73.308333;
82900;31/12/2014;0000;224.4;;71.3;;1012.98172;30.754839;26.683226;22.83871;73.427419;
82900;31/01/2015;0000;254.1;;65.4;;;30.873333;26.931034;22.726667;71.431034;
82900;28/02/2015;0000;229.2;;56.2;;;31.646429;27.445714;23.307143;71.419643;
82900;31/03/2015;0000;205.9;;341.2;1012.87957;1011.97957;30.574194;26.767742;22.812903;76.580645;
82900;30/04/2015;0000;258.7;;74.6;1012.92;;31.63;27.179333;22.41;73.641667;
82900;31/05/2015;0000;241.6;;178.9;;;30.764516;26.44;22.203226;77.306452;
82900;30/06/2015;0000;170.5;;460.5;1015.99;1015.04;29.02;25.038667;21.616667;83.516667;
82900;31/07/2015;0000;141.4;;446.3;;;28.067742;24.314667;21.336667;86.8;
82900;31/08/2015;0000;214.9;;116;;;28.531034;24.575172;20.912903;78.706897;
82900;30/09/2015;0000;230.7;;35.1;;;29.816667;25.680667;21.596667;74.216667;
82900;31/10/2015;0000;246.7;;16.6;;;30.135484;26.394;22.583871;70.314516;
82900;30/11/2015;0000;277.9;;30.6;;;31.413333;26.995714;22.796667;68.691667;
82900;31/12/2015;0000;213.5;;91.8;;;31.333333;27.162759;23.523333;69.075;
82900;31/01/2016;0000;176.6;;124;1013.03871;;31.316129;27.486429;23.687097;74.290323;
82900;29/02/2016;0000;195.9;;70;1013.43375;1012.5475;31.4;27.45;23.882143;74.019231;
82900;31/03/2016;0000;203.6;;268.7;;;31.412903;27.517037;24.029032;75.919355;
82900;30/04/2016;0000;192.9;;292.4;;;30.63;26.862759;23.756667;79.358333;
82900;31/05/2016;0000;187.6;;478.9;;;29.629032;25.734483;22.493548;81.935484;
82900;30/06/2016;0000;226.8;;148.5;;;28.916667;24.986429;21.3;81.008621;
82900;31/07/2016;0000;205.8;;110.3;;;28.383871;24.424;20.893548;80.443548;
82900;31/08/2016;0000;209.4;;57.5;;;28.922581;24.689677;20.609677;77.193548;
82900;30/09/2016;0000;236.1;;57.4;;1015.54;29.773333;25.696;21.726667;73.741667;
82900;31/10/2016;0000;251.6;;14.1;;;31.16129;26.77871;22.525806;70.129032;
82900;30/11/2016;0000;239.5;;17.8;;;31.973333;27.381481;23.133333;69.783333;
82900;31/12/2016;0000;229.2;;68;;;31.903226;27.432;22.76129;70.943548;